L,Execution internal time (s),Execution external time (s)
20,0.09741070263029541,1.4657723903656006
40,0.5167128956777742,7.629817962646484
60,1.7458202450897078,25.568030834197998
80,4.092071664056275,58.65279746055603
100,8.01035426790826,115.39943671226501
120,13.631095076490892,193.90531086921692
140,21.33611480845895,306.14291286468506
160,31.054131075862095,438.975234746933
180,43.930780220847225,631.8675765991211
200,60.477946450645106,856.8170073032379
